product_id,price,category,rating,inventory
PROD-1000,542.0483990951645,Electronics,2.221762573609886,463
PROD-1001,464.56237728705406,Clothing,4.070540240693557,642
PROD-1002,136.06697515752901,Food,3.103886857161731,941
PROD-1003,347.1744062258793,Food,3.85089118249368,819
PROD-1004,116.0103375286491,Clothing,2.816163032684183,124
PROD-1005,852.4048028245185,Electronics,2.1427879213217103,831
PROD-1006,45.804286807275076,Food,2.6836303012846607,206
PROD-1007,650.425309788856,Books,4.04784014951303,596
PROD-1008,600.1007216875175,Books,1.9882689051080775,731
PROD-1009,660.5253388322589,Books,3.3182826181021534,947
PROD-1010,870.1076803831565,Home,3.1391941015739975,591
PROD-1011,130.82908146544,Home,4.9675820118907925,765
PROD-1012,943.4327480301755,Electronics,1.5119453149210424,356
PROD-1013,328.2113171421369,Electronics,4.2757350134147245,627
PROD-1014,158.82137102449624,Clothing,2.6080188371832684,278
PROD-1015,325.5334445170112,Books,4.125876023696578,944
PROD-1016,664.8955104893661,Food,4.618806281717719,762
PROD-1017,83.7983671296579,Home,2.7577746963196788,44
PROD-1018,841.92014047743,Clothing,1.8709439009588538,199
PROD-1019,945.3497782824979,Electronics,3.5104112759090342,637
PROD-1020,908.97600170427,Books,2.291826276410294,34
PROD-1021,779.1182218401518,Home,3.65986995109345,918
PROD-1022,844.968460821,Home,1.8217529380922892,465
PROD-1023,317.8319582977516,Books,2.6089746216573912,582
PROD-1024,619.8322552138528,Clothing,1.216276473696973,588
PROD-1025,712.7970869778454,Clothing,4.01408736784396,652
PROD-1026,503.3291644017586,Electronics,1.798476723688672,989
PROD-1027,660.2880306719791,Clothing,1.322599826752973,982
PROD-1028,293.83614508180403,Books,3.0371468910393187,746
PROD-1029,640.7007631963538,Home,3.8706465938761268,715
PROD-1030,354.64832364121094,Food,1.7459629381465533,245
PROD-1031,368.1535729586581,Food,1.2684082941923878,157
PROD-1032,72.57496908384232,Clothing,1.8446745471550874,199
PROD-1033,90.79745845262487,Food,1.3473342271923188,412
PROD-1034,417.64037960090553,Food,3.1861798701636133,949
PROD-1035,482.2337299365039,Food,3.4196431485743943,211
PROD-1036,322.848095185914,Home,4.557463330069863,912
PROD-1037,333.1484328898002,Food,2.521822332057552,953
PROD-1038,366.69670962009997,Home,2.211365191890321,854
PROD-1039,943.0155354251028,Home,1.7195899682425506,805
PROD-1040,393.87951224980145,Home,1.1679328648217422,868
PROD-1041,881.064513383482,Books,4.111987980158691,373
PROD-1042,633.9693814578176,Books,1.5028957056725711,85
PROD-1043,349.8725801170308,Clothing,1.0953313080187783,761
PROD-1044,627.299196211924,Home,4.903387450269971,544
PROD-1045,388.5312175450322,Electronics,2.125242808208554,928
PROD-1046,23.376239062402544,Books,2.091280466922765,762
PROD-1047,661.9746185707296,Home,2.294000359130251,107
PROD-1048,183.7666503525364,Clothing,3.8138352922923597,591
PROD-1049,290.52186776976157,Food,3.5055704438227075,1
PROD-1050,298.9775790740409,Home,3.911431009174788,6
PROD-1051,309.1885518368353,Electronics,4.1737240347546525,942
PROD-1052,872.4742683115408,Books,1.8195568320899462,183
PROD-1053,142.16034637286737,Books,2.0204208829475605,590
PROD-1054,227.17358071835253,Food,1.5527464687083987,935
PROD-1055,939.2892835811425,Home,3.521268561945429,985
PROD-1056,422.5646372858865,Food,4.962460201962337,666
PROD-1057,232.694678112574,Books,4.405361927504709,41
PROD-1058,730.3014911015886,Home,1.286793985659866,860
PROD-1059,561.6915970080743,Home,1.9001960553243604,185
PROD-1060,610.1745642961243,Clothing,1.9617021832856674,837
PROD-1061,732.7911637827299,Books,4.689869699207108,348
PROD-1062,268.0377893743328,Food,1.747478129415824,102
PROD-1063,174.32477385114112,Food,2.612063845493292,702
PROD-1064,538.8139979833028,Home,2.5030795190294013,914
PROD-1065,338.13320906878363,Clothing,4.2554040135115585,298
PROD-1066,501.8030220352076,Clothing,3.4245153242508857,702
PROD-1067,435.56982034157187,Home,4.665083453152382,199
PROD-1068,458.14313948738527,Home,3.974481366140653,87
PROD-1069,98.77350304415059,Electronics,1.7680634333234257,859
PROD-1070,315.3468559022635,Home,1.293510370567685,122
PROD-1071,92.22961161202787,Books,4.5487422123379675,567
PROD-1072,547.9874976961172,Books,1.6323240158401195,87
PROD-1073,176.874936226921,Electronics,2.4389897208310156,561
PROD-1074,329.1921165758726,Clothing,4.230033197237576,788
PROD-1075,791.5600696805011,Clothing,3.6770962113651144,856
PROD-1076,32.461499973188104,Electronics,1.3476847475048155,845
PROD-1077,696.4408016543639,Clothing,3.983881051174878,699
PROD-1078,947.4615594031657,Home,4.411918999044219,888
PROD-1079,948.7774212658686,Books,3.8002967439567614,874
PROD-1080,356.89277983296057,Home,3.167881897993887,494
PROD-1081,20.034241334208822,Food,4.85901380750371,228
PROD-1082,676.4617219188254,Electronics,3.1259548824931453,390
PROD-1083,713.4270372414163,Home,2.8199724640878077,378
PROD-1084,190.51326347452942,Electronics,3.8751000571527845,504
PROD-1085,515.2317878881605,Books,1.9748703495433624,198
PROD-1086,986.2083539117787,Food,1.5219527711305796,353
PROD-1087,756.8680538279344,Food,3.688406855260626,473
PROD-1088,457.9899244916028,Food,1.259653269864626,280
PROD-1089,455.10834794464415,Clothing,3.9447502103072423,527
PROD-1090,385.9533268363016,Clothing,3.5547515608479885,579
PROD-1091,976.809246196867,Books,1.8841185912820042,641
PROD-1092,211.52659194867616,Books,1.6182533388807059,110
PROD-1093,583.0467929299599,Home,4.5354506878587575,142
PROD-1094,369.91700453912046,Books,1.8923605751962924,28
PROD-1095,604.1971065850879,Books,4.6245986548200815,956
PROD-1096,107.95485287208962,Electronics,4.5023509994543645,448
PROD-1097,889.3174674457811,Food,1.1216191275522989,491
PROD-1098,785.32615449088,Books,2.276737043586757,194
PROD-1099,999.0859090798441,Clothing,2.2166830967780564,572
PROD-1100,391.1759951190038,Clothing,1.4268528350250511,591
PROD-1101,792.0002038336171,Food,1.9732535810098861,682
PROD-1102,452.7374167120379,Home,1.1743396672863633,673
PROD-1103,745.2628218491109,Electronics,3.4662853951694537,241
PROD-1104,677.7889398227558,Food,2.446127158590697,755
PROD-1105,565.1494162105301,Electronics,2.8846519593009674,994
PROD-1106,367.88843087528585,Electronics,1.072827925291663,312
PROD-1107,142.70742531291515,Electronics,2.009590244848967,55
PROD-1108,160.84695961798747,Clothing,2.7991372950058873,398
PROD-1109,471.888071846064,Clothing,1.7189925018481604,757
PROD-1110,958.674220654215,Books,1.5277741294312364,621
PROD-1111,647.1392971917164,Home,4.58880373659121,848
PROD-1112,313.08187176155013,Electronics,3.5466598224236705,287
PROD-1113,81.18369076805284,Home,3.946713292489553,228
PROD-1114,521.1384291673307,Clothing,1.9523013196235923,31
PROD-1115,854.7775840083024,Clothing,4.33319781316526,373
PROD-1116,465.794850563942,Books,4.473003946595718,845
PROD-1117,80.91395950033197,Books,4.555449518088899,507
PROD-1118,119.10920423567282,Books,4.076751834959973,903
PROD-1119,560.9333056932676,Food,2.398272515709568,35
PROD-1120,450.43838423466843,Electronics,4.18041016499201,212
PROD-1121,900.709770169806,Food,1.7262974043778687,799
PROD-1122,365.517415959323,Electronics,3.1525371222743757,237
PROD-1123,936.9334581066593,Food,2.764684202007333,410
PROD-1124,727.6753606115988,Clothing,1.5031381834492024,764
PROD-1125,92.25188096138096,Books,2.720802807553065,258
PROD-1126,926.9597028779418,Electronics,3.1254762439736856,59
PROD-1127,409.8686812630096,Home,3.5344604841750593,265
PROD-1128,200.48281206487127,Electronics,1.7982515157317631,513
PROD-1129,992.98237623507,Clothing,2.886956793651924,866
PROD-1130,615.5760941669554,Books,4.084907192322591,581
PROD-1131,228.0361243190934,Home,2.6342487900392255,510
PROD-1132,704.0374107572421,Clothing,3.619097163101744,172
PROD-1133,464.19716241291945,Books,3.0956805781749437,777
PROD-1134,137.4486265128208,Food,3.2112685824991383,792
PROD-1135,965.1944536706017,Home,4.440001839298608,303
PROD-1136,111.68729461449836,Electronics,2.0102728498845757,30
PROD-1137,560.5791526367947,Electronics,3.682109538300659,863
PROD-1138,337.7445087942493,Food,2.5204115288700693,844
PROD-1139,836.8119091619021,Food,4.5131985108562755,621
PROD-1140,201.5188993235882,Books,2.259463138128605,320
PROD-1141,194.4167338823972,Clothing,4.2705082755898225,826
PROD-1142,253.25786679208514,Books,3.7733533780886805,227
PROD-1143,869.3509591435044,Electronics,4.055880828280351,15
PROD-1144,794.0543112605842,Clothing,2.0880531032441647,914
PROD-1145,88.55373806688732,Food,4.812308330476311,715
PROD-1146,294.945602820639,Home,1.1451314827947203,3
PROD-1147,156.72956834007903,Electronics,3.6334265494788904,612
PROD-1148,146.143153418935,Books,1.2522094667836554,152
PROD-1149,507.6870027799286,Clothing,4.56302349361694,879
PROD-1150,161.74291605695115,Food,3.446836745503122,273
PROD-1151,776.8245107475549,Clothing,4.262949156058326,457
PROD-1152,894.3102436860464,Books,2.4188376614487113,546
PROD-1153,710.1810637467755,Home,1.3257832701186887,614
PROD-1154,567.3775284308509,Clothing,2.7274197924834893,869
PROD-1155,995.48697507425,Home,2.3846909003394243,675
PROD-1156,365.6820165131946,Books,3.5862475521611135,858
PROD-1157,629.2694604931487,Books,3.4747957394910403,143
PROD-1158,14.543643090915396,Food,1.4847751646439735,488
PROD-1159,493.2824400079462,Electronics,3.7232115493355855,726
PROD-1160,174.10331217581057,Books,4.651736007020265,997
PROD-1161,255.70419201318657,Books,1.857083792434255,420
PROD-1162,462.29019356297124,Clothing,3.0198289757235584,286
PROD-1163,117.0261479700336,Books,4.423098836160238,861
PROD-1164,923.1558052174936,Food,4.746986227292024,430
PROD-1165,101.95772978883137,Food,2.2020525673718443,460
PROD-1166,122.33295690057912,Food,4.597057088812865,214
PROD-1167,862.4360768667794,Home,4.376366083388808,493
PROD-1168,256.63300522696534,Books,4.808830290833685,306
PROD-1169,588.371493442788,Electronics,1.6305631789343757,784
PROD-1170,593.4488374164049,Electronics,1.7102446581484472,96
PROD-1171,524.4525956385553,Books,1.4239747158669296,442
PROD-1172,124.54150935260957,Home,4.906905401426812,16
PROD-1173,954.7310344356381,Clothing,2.4398544937393534,230
PROD-1174,531.3883657182305,Home,4.748577087257045,4
PROD-1175,999.6636240271921,Home,1.6693974713472564,408
PROD-1176,15.88439680340809,Home,4.082877187315214,586
PROD-1177,313.4117116346246,Home,4.309981384011036,312
PROD-1178,679.3468843877054,Books,1.7848041250386935,379
PROD-1179,486.7870291538921,Home,2.3835664936630354,955
PROD-1180,198.90429292243152,Food,1.5674549111706533,802
PROD-1181,820.8428769185249,Electronics,4.033926210186477,247
PROD-1182,445.8939359943707,Home,3.7641596190107776,704
PROD-1183,49.1240338101946,Clothing,1.280974906843332,175
PROD-1184,522.3311772766365,Food,3.1415154404295946,69
PROD-1185,596.2475999483146,Clothing,1.2291588436662755,159
PROD-1186,521.6889138614092,Electronics,3.091932265473585,696
PROD-1187,27.966105854442503,Food,2.9231272567516395,535
PROD-1188,798.5052274085353,Food,2.2612473610641026,391
PROD-1189,480.7573129106949,Books,3.811856284766788,849
PROD-1190,184.50268509130387,Clothing,4.406925955269691,85
PROD-1191,746.7365670229774,Food,1.731671742787241,858
PROD-1192,806.5644066253944,Clothing,2.6513418333405863,710
PROD-1193,380.0339919897779,Clothing,1.5900153052863106,0
PROD-1194,112.93588452224482,Electronics,4.405698402324312,858
PROD-1195,418.07938930684026,Books,4.3711551741422205,107
PROD-1196,309.98939435357266,Home,2.1893662663654796,833
PROD-1197,512.3446768834795,Home,1.3235772685769054,533
PROD-1198,855.7708400072047,Home,1.4632429403550615,199
PROD-1199,89.67940003796465,Food,3.6155143030452837,139
PROD-1200,315.8289530828887,Food,3.852479214125372,478
PROD-1201,260.84732912190026,Electronics,4.031743125801627,951
PROD-1202,487.55952451160675,Clothing,3.386501270569965,189
PROD-1203,141.98788522700877,Home,1.7568247444636036,620
PROD-1204,767.4923992800075,Home,1.3564469448227232,926
PROD-1205,229.2953530194969,Electronics,2.2726900138116806,866
PROD-1206,794.5126759719315,Home,2.411605193777932,48
PROD-1207,708.1821078389897,Clothing,1.9274080843327934,265
PROD-1208,965.1477077872829,Electronics,1.5400885756518665,626
PROD-1209,709.4376980801641,Clothing,1.7512304011200248,323
PROD-1210,346.47835209720853,Home,3.1409788395909906,294
PROD-1211,751.2135979189104,Electronics,4.519573466674638,792
PROD-1212,983.0390457968582,Electronics,3.5199204349036406,8
PROD-1213,957.0253780513593,Home,3.6148868686801077,488
PROD-1214,391.39337246588366,Electronics,3.3009340524274644,55
PROD-1215,865.4485576666833,Food,3.3930538888526667,596
PROD-1216,292.05818164862916,Food,2.3183703563333657,844
PROD-1217,449.91601461329765,Books,3.7812841007970697,831
PROD-1218,327.40036915670436,Electronics,4.684069773825696,926
PROD-1219,113.79554277462798,Books,4.68517041896003,935
PROD-1220,324.9890600939093,Clothing,2.8615147402410677,989
PROD-1221,911.9219189477811,Home,3.876523717585154,766
PROD-1222,174.32395619201503,Food,4.6402030828981005,994
PROD-1223,492.8678305171785,Food,1.0280413713175522,673
PROD-1224,746.2021419264798,Food,2.2991123261586046,767
PROD-1225,188.90462286544363,Food,2.978473735477569,804
PROD-1226,77.9267479619998,Electronics,2.834773253620767,358
PROD-1227,841.6793915409106,Books,4.078370872348835,479
PROD-1228,358.513566169217,Home,3.3140163118684343,893
PROD-1229,519.800230375957,Clothing,4.758551824840879,792
PROD-1230,371.1507428045268,Home,2.2386668341473475,455
PROD-1231,674.954780293174,Books,3.598801711085781,841
PROD-1232,928.6638740835793,Home,1.6713955086307424,154
PROD-1233,913.3340918092019,Electronics,3.452549803333155,689
PROD-1234,198.62886780614699,Electronics,4.95073185957032,275
PROD-1235,65.47387829568031,Books,1.6966795703119675,548
PROD-1236,85.85736685751426,Electronics,3.424526342145293,299
PROD-1237,981.117858716858,Home,1.967292715014798,824
PROD-1238,594.3048979887817,Electronics,3.007994057171225,964
PROD-1239,214.81915410734513,Home,4.296401944129955,14
PROD-1240,888.2847772677848,Electronics,3.0088714736600335,476
PROD-1241,197.43424417396912,Food,3.4212752053831763,370
PROD-1242,312.27515526078014,Books,1.6415713577556552,947
PROD-1243,250.57831159977783,Electronics,2.086036110696761,961
PROD-1244,44.921383089914805,Clothing,3.304670669851788,591
PROD-1245,838.726311956296,Electronics,3.7095566667575692,566
PROD-1246,430.57657561754263,Food,2.2279309684417004,821
PROD-1247,888.5964027942933,Electronics,2.556299339338342,244
PROD-1248,665.0959487077032,Books,2.826003081722163,944
PROD-1249,461.4176177839497,Electronics,3.0814496387130483,804
PROD-1250,840.4098826007616,Food,1.4041005933739736,323
PROD-1251,893.7371343523469,Food,1.8778926101579811,533
PROD-1252,176.2890022167147,Electronics,2.7341867147732466,650
PROD-1253,956.0346146295235,Clothing,1.7983547174478183,999
PROD-1254,85.55781561747618,Electronics,2.1301734375569046,512
PROD-1255,915.8219171095982,Clothing,3.2190594771585825,499
PROD-1256,838.0531983107335,Food,4.676845816064681,914
PROD-1257,376.49017248806894,Food,3.0667472701947687,992
PROD-1258,840.0672926988758,Home,2.1487304356520016,667
PROD-1259,891.6488635876977,Food,1.3794799430282794,683
PROD-1260,307.86977960715643,Books,2.1174586811969234,818
PROD-1261,690.1058446372227,Books,3.5225814117911236,194
PROD-1262,265.92239390162774,Electronics,4.5288361578281044,800
PROD-1263,511.38125701370427,Food,4.627335911681068,479
PROD-1264,670.1590352343342,Food,3.3470258409275297,17
PROD-1265,983.0520357453676,Food,2.4319927627442386,25
PROD-1266,425.26040550165635,Electronics,4.483202974235619,299
PROD-1267,209.9942274558718,Electronics,3.216887740803739,997
PROD-1268,642.9717258600782,Home,2.3854490919240896,536
PROD-1269,965.2034217468531,Food,3.840769491148793,883
PROD-1270,165.34150816787016,Books,1.7445004013596113,255
PROD-1271,630.5436787967312,Clothing,3.203402022294122,665
PROD-1272,644.6442136177707,Home,1.807656654279353,79
PROD-1273,646.6412442144513,Books,2.0263397110466004,826
PROD-1274,261.08144233597494,Clothing,3.8287235291942805,530
PROD-1275,574.1881956688012,Home,4.985793739832122,976
PROD-1276,337.76123192631985,Electronics,2.9959457754747683,903
PROD-1277,515.5228197817735,Clothing,4.273010161968352,85
PROD-1278,467.3055911290328,Food,4.407455499536313,880
PROD-1279,876.242660016375,Home,4.329949106799998,593
PROD-1280,62.51024674677427,Clothing,4.344129383808655,391
PROD-1281,384.3109694108613,Books,1.2275249660504728,481
PROD-1282,453.5769900705935,Home,4.01416040099312,600
PROD-1283,56.53703404298424,Food,3.5722309233992906,469
PROD-1284,672.2413200220145,Books,2.9137601837536553,464
PROD-1285,114.75445835862733,Electronics,3.6511494016135764,599
PROD-1286,325.5301422570079,Books,1.1363639106637518,110
PROD-1287,452.35019873827423,Clothing,2.490368737220421,453
PROD-1288,422.5695456794855,Books,3.896801120592712,822
PROD-1289,657.7808733965963,Books,4.830622726205527,394
PROD-1290,822.6218775491699,Books,4.6571527834581286,102
PROD-1291,565.4954572946558,Food,1.6393618247171613,955
PROD-1292,922.4634702406217,Clothing,4.034776746861908,414
PROD-1293,850.7824987058424,Home,1.6801780428389095,641
PROD-1294,130.1036113178087,Food,1.6897312544829917,46
PROD-1295,813.9771315639451,Clothing,4.406969978847405,50
PROD-1296,351.7642086041845,Food,3.38722792490249,15
PROD-1297,695.9731771615628,Food,4.844770574580853,330
PROD-1298,991.1152218265363,Home,2.796965210415477,762
PROD-1299,661.5363989712877,Clothing,3.0600289392468953,429
PROD-1300,187.39185226036713,Food,2.556153466611483,399
PROD-1301,641.177654201208,Books,1.235173384732425,284
PROD-1302,544.7693204281784,Electronics,1.5965915780776423,776
PROD-1303,931.19659254016,Books,1.0587437315357997,349
PROD-1304,874.0129252613887,Books,1.9543533003867544,36
PROD-1305,971.8722275895681,Food,3.7348227391664106,92
PROD-1306,30.71947025873265,Clothing,1.3035736684013228,281
PROD-1307,320.92957856555597,Home,3.4548820984756077,555
PROD-1308,154.71417575575634,Books,4.980186390402219,945
PROD-1309,398.4864308614549,Food,3.1511533510931007,411
PROD-1310,874.0214683733425,Clothing,1.1994317385780864,300
PROD-1311,569.0228750198825,Books,1.159996729005531,82
PROD-1312,567.8541384281807,Clothing,2.25410635878376,741
PROD-1313,850.2011779237323,Books,1.65340949853382,86
PROD-1314,338.8790348997553,Home,1.6364997909041246,741
PROD-1315,404.0887788947616,Food,1.2369684190492238,991
PROD-1316,677.1845300399237,Books,4.733975117016853,747
PROD-1317,926.8012797694724,Electronics,2.8918727151431525,784
PROD-1318,484.00634247662134,Clothing,1.5622384706663794,85
PROD-1319,909.0781516563159,Books,1.8742982009260518,14
PROD-1320,748.5549189824332,Food,2.111487236503001,180
PROD-1321,35.736845415221296,Food,1.0514718761603565,676
PROD-1322,879.514386634218,Food,2.31581711183132,786
PROD-1323,282.3870015454144,Books,3.8475787821523677,383
PROD-1324,513.39814095323,Food,1.787962430705873,275
PROD-1325,559.0344252465875,Electronics,3.4987988449760095,56
PROD-1326,165.98643884444473,Food,4.792790701513691,696
PROD-1327,313.7297889177577,Food,3.1511316883827445,399
PROD-1328,374.7672675574367,Electronics,2.4941594725335334,451
PROD-1329,347.5315940661286,Books,3.458067872801831,221
PROD-1330,909.5518157843466,Clothing,2.5166057712360277,276
PROD-1331,306.49224406597597,Home,3.670072450115989,762
PROD-1332,820.3552391239147,Clothing,2.06208913385931,664
PROD-1333,362.48638324187215,Home,1.8320308391610154,890
PROD-1334,163.58329248820414,Books,4.477623232408488,69
PROD-1335,79.04183251568742,Books,2.4082320656313145,833
PROD-1336,127.88181098017152,Food,2.533049457654777,444
PROD-1337,734.3550732612781,Home,2.5517471655605295,89
PROD-1338,20.01005531336297,Books,1.7994412586509512,777
PROD-1339,284.61187535167585,Electronics,1.3874674582801978,299
PROD-1340,888.7230448841892,Food,4.296446544194534,515
PROD-1341,456.2289009760032,Food,4.942891559567391,428
PROD-1342,801.3398671980544,Books,3.5258354304464232,475
PROD-1343,77.36606781023075,Clothing,2.0782085522184492,741
PROD-1344,273.34830938885625,Food,4.839858112266116,368
PROD-1345,945.3635388202646,Clothing,2.8926167918904495,815
PROD-1346,440.0350008977826,Books,2.0145792938844362,673
PROD-1347,761.3638782290388,Clothing,3.8119186582848923,107
PROD-1348,790.2471885420399,Electronics,2.1379564907334103,513
PROD-1349,616.0051329231711,Food,3.743316480961998,211
PROD-1350,624.4412060836195,Home,3.7064034879781413,406
PROD-1351,352.3316216671065,Electronics,3.3132036004449867,234
PROD-1352,86.56472002633873,Home,1.1168993271694796,400
PROD-1353,678.0770293706669,Electronics,2.276704030870431,130
PROD-1354,326.76199391236315,Books,4.012676696154182,347
PROD-1355,775.3225356757223,Electronics,4.765655080512429,244
PROD-1356,990.4064406755144,Books,1.5082414917762832,540
PROD-1357,294.2151015992478,Food,1.6457679455573557,751
PROD-1358,685.7022898830572,Electronics,3.8741069626062505,518
PROD-1359,771.6329007455446,Electronics,2.657039032954532,666
PROD-1360,618.6666910796064,Electronics,3.1093202844686663,857
PROD-1361,981.1875059293509,Clothing,2.3529837688272863,69
PROD-1362,217.20102242155505,Clothing,4.631600841193457,987
PROD-1363,201.8530907400927,Books,1.6418072851990195,527
PROD-1364,958.8880326074274,Books,1.2267373793372434,897
PROD-1365,799.3232676132486,Books,3.702075305308161,292
PROD-1366,513.2718980328989,Books,3.776187483204768,204
PROD-1367,828.9417411259669,Food,1.9973317700739135,873
PROD-1368,752.5985050215046,Clothing,1.21682358173305,414
PROD-1369,686.4673075585573,Electronics,3.0922191613508048,767
PROD-1370,43.91357203627879,Home,1.9270532208661355,851
PROD-1371,974.3621932158338,Food,3.1067619767319563,575
PROD-1372,244.7539180401387,Home,1.6967523992695352,829
PROD-1373,203.98355334151177,Home,2.601973700710775,100
PROD-1374,88.8821303428873,Home,3.496282175711426,498
PROD-1375,97.92310368837252,Books,1.913636273041745,237
PROD-1376,200.30612059081298,Electronics,4.637794972175799,785
PROD-1377,799.5307613001298,Food,2.634194894449459,543
PROD-1378,565.1397945967195,Books,3.379859177391058,734
PROD-1379,537.6693558910987,Clothing,2.648022106683468,613
PROD-1380,604.4824864545479,Food,4.200535192691826,837
PROD-1381,784.9141659857012,Food,4.676123596093843,379
PROD-1382,112.50196020408072,Food,3.5916577761508246,760
PROD-1383,136.88104568100925,Home,4.474392975781955,362
PROD-1384,243.3274685128648,Home,2.9591030153217126,473
PROD-1385,212.47213829326031,Food,3.5002244247111625,34
PROD-1386,659.0516531679104,Books,1.5948681449554822,945
PROD-1387,642.9538676676844,Electronics,4.859375335380603,490
PROD-1388,907.6857588531794,Clothing,3.0018227435941784,302
PROD-1389,628.0784265514966,Books,3.5414929391238745,992
PROD-1390,204.17963683324865,Home,2.778990985926314,398
PROD-1391,298.2408748137845,Electronics,2.4772721505861677,956
PROD-1392,983.7402827540542,Electronics,4.740768181451914,238
PROD-1393,399.47239864225224,Clothing,4.258780753851253,381
PROD-1394,734.029519796235,Books,1.4523888148049657,246
PROD-1395,936.9948484601554,Books,4.384285838909666,358
PROD-1396,541.1858834174599,Books,1.0199825398221734,986
PROD-1397,468.2508172614052,Home,4.304897589597379,207
PROD-1398,582.9013209453279,Clothing,4.568518584545611,464
PROD-1399,911.2623530417887,Food,4.263281903469385,113
PROD-1400,600.1954027138065,Food,3.059157085858945,650
PROD-1401,656.6174028673165,Electronics,2.0862292132678544,477
PROD-1402,129.2916907966963,Electronics,2.91041359147995,402
PROD-1403,994.8436826206153,Books,2.0104655792669597,656
PROD-1404,235.539066040212,Clothing,4.992208648951651,5
PROD-1405,53.41915194283408,Electronics,4.153506524081523,637
PROD-1406,147.7564275366514,Books,2.6410108577055498,769
PROD-1407,732.7362902152976,Electronics,4.2853489800166855,472
PROD-1408,920.9537045875055,Books,3.49102261457127,298
PROD-1409,792.522300330544,Home,2.682563422202599,568
PROD-1410,668.3554438133423,Clothing,3.173780659208284,82
PROD-1411,748.0580020005588,Food,3.299698352597634,530
PROD-1412,365.46240419240604,Clothing,1.6268969540023166,870
PROD-1413,414.9239231017866,Food,2.489092032158219,593
PROD-1414,343.67942016534965,Electronics,1.3656561339686384,609
PROD-1415,32.5832389346627,Books,1.250088111422917,455
PROD-1416,573.9117513985893,Electronics,1.5023769896902621,700
PROD-1417,228.8504741081246,Electronics,2.9519949403522596,186
PROD-1418,858.0439939147824,Clothing,2.693182464712217,402
PROD-1419,318.23765024621304,Food,2.9297897925513463,143
PROD-1420,134.43280490270945,Clothing,1.9578374665969864,581
PROD-1421,603.9642912527539,Electronics,1.4824399294270356,248
PROD-1422,639.1154672405248,Home,3.3304219612968113,776
PROD-1423,708.9705364472865,Books,3.1938648620859937,860
PROD-1424,711.5157323860093,Clothing,2.6527934425080435,822
PROD-1425,574.3099754481831,Home,1.1040404344189967,753
PROD-1426,934.358808155484,Clothing,3.0257164203845313,208
PROD-1427,209.1139906700677,Electronics,3.7454750208376044,661
PROD-1428,113.62007410827322,Home,3.106554189459706,669
PROD-1429,806.14992036093,Clothing,2.411963353609193,234
PROD-1430,583.1589582529524,Clothing,2.0220648332649556,838
PROD-1431,159.42065681687274,Food,1.8330721614866126,753
PROD-1432,308.32944113283224,Books,1.5454917792375236,725
PROD-1433,767.179880459893,Electronics,2.332026647461493,461
PROD-1434,166.1021980361672,Books,3.334419813322043,551
PROD-1435,633.264444056916,Food,4.67470466683724,170
PROD-1436,253.54765195624714,Home,3.2027232584436423,623
PROD-1437,464.43826184913684,Home,2.9577299900154532,175
PROD-1438,731.638625930115,Clothing,1.6781859491713247,289
PROD-1439,60.60360690933486,Books,4.177863713206763,612
PROD-1440,810.4403584739191,Books,1.5007960515674594,900
PROD-1441,333.11452805214486,Books,4.771801968292692,18
PROD-1442,969.9632174400895,Electronics,2.2040512295623036,990
PROD-1443,693.8763827506901,Home,4.664714053140317,652
PROD-1444,323.45036515086736,Electronics,3.209054121042295,352
PROD-1445,927.1700313073427,Books,1.8469475861608298,21
PROD-1446,349.1032816435827,Books,2.8427042979999895,422
PROD-1447,934.6894204535965,Food,1.366531169572518,174
PROD-1448,699.8885713352092,Home,4.173396684872424,280
PROD-1449,784.1152925876985,Home,4.36764259204128,320
PROD-1450,481.00905938298996,Books,1.572309536779529,132
PROD-1451,664.0816049806684,Electronics,4.127743834526486,299
PROD-1452,365.1563170163355,Home,4.2417557716099115,454
PROD-1453,101.43366904161607,Books,3.6646480123787843,457
PROD-1454,653.8894198259296,Clothing,3.22850248598923,551
PROD-1455,589.5574366822979,Books,2.8857253622462595,142
PROD-1456,100.15903416522866,Electronics,3.242273714058631,51
PROD-1457,23.414128873216285,Food,1.1877078502139513,593
PROD-1458,477.9651556534127,Electronics,3.7771425538679666,296
PROD-1459,587.1651571147052,Home,4.80078963230228,14
PROD-1460,85.58937444663327,Food,3.8231176973456,926
PROD-1461,627.9521322863822,Food,4.163485170111335,390
PROD-1462,849.5645630059103,Electronics,3.7900368574924466,622
PROD-1463,301.7412283068928,Electronics,1.831467527371378,692
PROD-1464,951.7152837703086,Books,3.6841379165897425,317
PROD-1465,745.278599095377,Electronics,1.9113261727738031,394
PROD-1466,933.848382947747,Food,3.551802575254886,501
PROD-1467,605.3914001663907,Books,3.2341788244744643,200
PROD-1468,87.49680881329562,Home,1.752873977054925,109
PROD-1469,151.5400617218523,Home,2.6280641085695837,239
PROD-1470,116.6120156681989,Electronics,4.0741260211917325,997
PROD-1471,700.7760522776148,Clothing,1.628195179647149,982
PROD-1472,621.3507972325314,Home,1.2225893681037587,74
PROD-1473,173.00691400719413,Electronics,2.1724322797233784,950
PROD-1474,867.563882139323,Clothing,4.334709807145362,774
PROD-1475,45.41240452516375,Home,4.523540739356664,313
PROD-1476,458.2611958817139,Clothing,4.469640508337881,729
PROD-1477,57.79476354864926,Home,4.690885710071897,733
PROD-1478,591.7263245548836,Clothing,2.785622241023462,981
PROD-1479,125.56956533159892,Electronics,4.110112971968073,646
PROD-1480,660.8675593780824,Electronics,1.1516223416172,785
PROD-1481,379.10697624500773,Clothing,1.092976765838468,8
PROD-1482,322.593038019018,Books,3.0028691740475653,304
PROD-1483,926.3132098922023,Electronics,1.0463602306872457,909
PROD-1484,159.50485964035212,Food,4.428759524884514,573
PROD-1485,135.8819986146401,Books,4.569329032855735,55
PROD-1486,999.3464052972874,Home,4.755513178833649,186
PROD-1487,334.739715104038,Clothing,1.904798934708372,11
PROD-1488,23.40133389423672,Electronics,2.4483589261010774,898
PROD-1489,374.3062697459382,Food,3.9588744206539306,205
PROD-1490,127.03917599188145,Clothing,3.6476217741116206,827
PROD-1491,305.0834982237588,Clothing,2.5740467476505966,204
PROD-1492,234.76548742319272,Books,3.951329388653774,157
PROD-1493,857.628646844868,Food,1.9112214068184792,285
PROD-1494,859.9743269499033,Food,2.4219486552864846,18
PROD-1495,460.7746838672408,Electronics,4.387861845904897,90
PROD-1496,782.2742329434715,Clothing,3.8135162006544308,764
PROD-1497,541.221923613662,Books,1.9780152638716904,23
PROD-1498,473.08996390846886,Books,4.396434740294246,805
PROD-1499,863.444636591093,Food,2.729510257338018,232
